Test Name,Test Amount
17-Oh-Progesteron,2000
24 Hrs Urinary Albumin,450
24 Hrs Urinary Calcium,275
24 Hrs Urinary Phosphorus,330
24 Hrs Urinary Protein,450
24 Hrs Urinary Uric Acid,275
24 Hrs. Urinary Vma,4125
24 Hrs. Urine Metanephrine,0.00
"25-OH VITAMIN D TOTAL, SERUM",2000
Abdominoperineal Resection,0.00
Absolute Neutrophil Count,200
Ace (Angiotensin Converting Enzyme),2000
"Achr Antibodies, Acetyl Choline Receptor Antibodies, Serum",3000
Acid Phosphatase Total,400
ADA ( Adenosine Deaminase ),700
Adenosine Deaminase Activity - Mtb ( Ada - Mtb ),0.00
Adequacy Test For Capd Fluid,0.00
Adrenocorticotropic Hormone ( Acth ),1950
AEC ( Absolute Eosinophil Count ),200
Afb Staining,200
Afb Staining (Zeil Nielson Stain) 3 Days Samples,600
Afb/Tb Culture - Fluorescent Method (Rapid -Mgit),1500
"Afp (Alpha Fetoprotein), Maternal",800
"Afp (Alpha Fetoprotein), Tumor Marker",0.00
Alberts Stain Report,450
ALBUMIN A/G RATIO,200
"Albumin, Serum",200
Albumin/Globulin Ratio,200
"Alcohol(Ethanol) Screen, Serum",2000
Aldehyde Chopra Test For Kala Azar,0.00
Aldolase,1000
Aldosterone,2400
"Aldosterone/Pra Ratio, Serum",0.00
Alkaline Phosphatase,150.00
"Allergen, Individual - Single Food",1400
Allergy Comprehensive Panel,2500
Allergy Food Panel -Vegetarian 12 Parameters,0.00
Allergy Food Panel- Vegetarian+ Non-Vegetarian 22 Parameters,0.00
Allergy Food Panel-Non Vegetarian,0.00
Allergy Panel - Food Vegetarian And Nonvegetarian Panel,0.00
"Allergy Panel - Food Vegetarians (Cow Milk, Lemon, Pineapple, Peanut, Potato, Wheat, Rice,Soyabean, ",0.00
Allergy Panel-Adult 25 Parameters,0.00
Allergy Panel-Respiratory(Asthma),0.00
Alpha Fetoprotein ( Afp ),800
Aluminium,2580
Amh (Anti Mullerian Hormone),2000
Ammonia,800
"Ammonia, Blood",0.00
"Amphetamine Screen, Urine",0.00
Amylase Fluid,650
"Amylase, Serum",600
ANA ( Anti Nuclear Antibodies ),800
Ana By Ifa,1200
Ana By Ifa With Titre,0.00
Ana NEW,750.00
Ana/Anf (Anti Nuclear Antibody/Factor) Profile,6000
"Ana/Anf (Anti Nuclear Antibody/Factor), Elisa",750.00
"Ana/Anf (Anti Nuclear Antibody/Factor), Ifa",0.00
"Ana/Anf (Anti Nuclear Antibody/Factor), Immunoblot 15 Antigens",0.00
"Ana/Anf (Anti Nuclear Antibody/Factor), Immunoblot 17 Antigens",0.00
Anca (Anti Neutrophil Cytoplasmic Antibodies) C,1500
Anca (Anti Neutrophil Cytoplasmic Antibodies) P,1500
Anca (Anti Neutrophil Cytoplasmic Antibodies) P & C,2000
"Anca (Antineutrophil Cytoplasmic Antibodies), Ifa",1500
Androgen Index,3200
Androsteindione Level,1500
Androstenedione (A4),2250
Angiotensin Converting Enzyme; Ace,1452
"Angiotensin Converting Enzyme; Ace, Csf",0.00
Anterior Resection,0.00
Anti Beta-2-Glycoprotein Antibodies (Igg And Igm),0.00
Anti Beta-2-Glycoprotein Antibodies (Igg),0.00
Anti Beta-2-Glycoprotein Antibodies (Igm),0.00
Anti Cardiolipin Antibodies ( Aca ),1540
Anti Cardiolipin Antibody - Iga,0.00
Anti Cardiolipin Antibody - Igg,0.00
Anti Cardiolipin Antibody - Igm,0.00
Anti D Titre,0.00
Anti Diuretic Hormone (Adh) / Vasopressin,0.00
Anti dS DNA,1650
Anti Ds Dna - Ifa With Titre,0.00
Anti Ds-Dna,0.00
Anti Ds-Dna - With Titre,0.00
Anti Hepatitis B Surface Antigen (Hbsag) Total,0.00
Anti Hepatitis B Virus Core Antibody Igm,0.00
ANTI HEPATITIS E VIRUS-lgM,1200.00
"Anti Lkm (Liver Kidney Microsomal) Antibodies, Eia",0.00
Anti Lkm Antibody,0.00
"Anti Mitochondrial Antibodies, Ama",0.00
Anti Mitochondrial Antibody,0.00
Anti Mullerian Hormone ( Amh ),2145
Anti Musk Antibody (Myasthenia Gravis),0.00
Anti Nmo Antibody,0.00
Anti Nuclear Antibody Ifa,200
Anti Phospholipid Antibodies (Igg & Igm),0.00
Anti Phospholipid Antibodies (Igg),825
Anti Phospholipid Antibodies (Igm),825
Anti Smooth Muscle Antibody (Asma) Screen - Ifa,0.00
Anti Sperm Antibodies Total (Asab),1540
Anti Ssa (Ro) Igg (Elisa),0.00
Anti Ssb (La) Igg (Elisa),0.00
Anti Thrombin (At Iii) Activity -Functional,4000
Anti Thyroglobulin Antibody (Atg),1800
Anti TPO,1150
Anti-Cyclic Citrullinated Peptide,1400
Antithyroid Antibodies Panel (Atg+Tpo),2600
"Apa-Igg Phospholipid Antibody, Serum",0.00
"Apa-Igm Phospholipid Antibody, Serum",0.00
APLA PROFILE,1600.00
Apo B/Apo A1 Ratio,1200
Apolipoprotein,0.00
Apolipoprotein A1,700
Apolipoprotein B,700
APTT ( Activated Partial Thromboplastin Time )1,400
Aptt (Activated Partial Thromboplastin Time),400
Arsenic Levels,2145
Asca-Iga Saccharomyces Cerevisiae,2310
Asca-Igg Saccharomyces Cerevisiae,2310
Ascitic Fluid Examination,0.00
"Asma , Smooth Muscle Antibody",0.00
"Asma , Smooth Muscle Antibody Ifa",0.00
ASO  (Anti Streptolisin O Titer),700
"Aspergillus Antibody Igg, Serum",1500
"Aspergillus Antibody Igm, Serum",1500
Atopic Allergy Panel,0.00
"Barbiturate Screen, Qualitative, Urine Spot",0.00
"Bence Jones Protein, Qualitative, Urine Spot",200
"Benzodiaepine Screen, Qualitative, Urine Spot",0.00
Beta -2 Glycoprotein 1 Iga Antibody,1500
Beta -2 Glycoprotein 1 Igg Antibody,1480
Beta -2 Glycoprotein 1 Igm Antibody,1400
Beta 2 Microglobulin,0.00
"Beta 2 Microglobulin, Serum",0.00
Beta Hcg,800
Beta Thalassemia Mutation Detection - Blood (7 Common Mutations),0.00
Beta Thalassemia Screening,0.00
"Beta Thalassemia, Beta Globin (Hbb) Gene Sequencing",0.00
Bilateral Neck Dissection,0.00
Bilateral Orchidectomy,0.00
Bile Acid,2500
Bile Salt And Pigments - Urine,0.00
"Bile Salts & Pigments, Urine",0.00
Bilirubin,200
Bilirubin Direct,150
"Bilirubin Direct, Serum",250
Bilirubin Total,200
"Bilirubin Total, Direct & Indirect, Serum",200
"Bilirubin Total, Serum",200.00
"Bilirubin, Fluid",0.00
Biological Indicator,0.00
Biopsy From Ca Penis,0.00
Bladder Mucosal Biopsy,0.00
Bleeding Time,100
Blood Glucose Level ( Fasting & Post Prandial ),140
Blood Glucose Level ( Fasting ),70
Blood Glucose Level ( Random ),70
Blood Group,120
"Blood Group Abo & Rh Typing, Blood",120.00
"Blood Picture, Peripheral Smear Examination",100
BLOOD RE,200
Blood Sugar PP,70.00
Blood Urea Level,150
Blood Urea Nitrogen ( Bun ),200
Bnp-B Type Natriuretic Peptide,0.00
Body Mass Index (Bmi),0.00
Bone Marrow Aspiration Cytology,0.00
Bone Marrow Examination,850
Bone Tomor Radical Excision,0.00
Bronchoscopic Biopsy,0.00
Brucella Agglutination Test,0.00
Brucella Antibodies Igg & Igm,0.00
Brucella Antibody Igg,1000
Brucella Antibody Igm,1000
BT-CT ( Bleeding Time & Clotting Time ),200
Buccal/Tongue Biopsies,0.00
Buffy Coat Smear,0.00
Bursa Excision,0.00
C Peptide,800
"C. Difficile Toxin A & B, Stool **",3500
C3,1000
"C3 , C4 ( Complement )",2000
C4,1000
Ca - 125,1000
Ca 15.3 ( Breast Cancer Marker ),1000
"Ca -15.3, Serum",1200
Ca 19.9 ( Pancreatic Cancer Marker ),1200
"Ca 19.9, Serum",1200
"Ca-125, Serum",1000
"Ca-72.4, Serum",2800
Calcitonin,2890
Calcium,300
"Calcium Ionized, Serum",400
Calcium Profile (Includes Calcium Total & Ionized),0.00
CALCIUM random URINE,0.00
"Calcium Total, Serum",300
"Calcium, 24Hrs Urine",300
"Calcium, Random Urine",0.00
"Calcium/Creatinine, Random Urine",0.00
Calprotectin - Stool,3630
"Calprotectin, Stool",3630
"C-Anca/Anca- Pr3 (Serin Proteinase 3 Antibodies), Eia",0.00
"Cannabis Marijuana-Delta 9-Thc Metabolites, Urine",0.00
Capd Fluid Examintion,0.00
Carbamazepine Level,1000
"Carbamazepine, Tegretol",0.00
Carcino Embryonic Antigen ( Cea ),715
"Cardiolipin Antibodies Panel -Acl (Includes Iga, Igg, Igm)",2590
"Cardiolipin Antibody -Acl, Iga",800
"Cardiolipin Antibody -Acl, Igg",800
"Cardiolipin Antibody-Acl, Igm",800
Catecholamines - 24 Hours Urine (Adrenaline And Nor- Adrenaline),6200
"Catecholamines, 24Hrs Urine",0.00
"Catecholamines, Plasma",0.00
Ccp - Cyclic Citrullinated Peptide Antibody,1500
Cd3/Cd4/Cd8 Counts,2500
Cd4 & Cd8 Count,2350
CEA(Carcino Embryonic Antigen) ,900
CELL TYPE & CELL COUNT,500
Cerebrospinal Fluid Examination ( Csf ),1750
Ceruloplasmin,1350
Ceruloplasmin(Copper Oxidase),0.00
Cervical Smear,0.00
Cervix Biopsy,1500
Chikungunya Test,1000
Chikungunya Virus Antibody Igm,900
Chlamydia Trachomatis Igg Antibody,900
Chlamydia Trachomatis Igm Antibody,0.00
Chloride(Cl),250
"Chloride, 24Hrs Urine",350
"Chloride, Body Fluid",300
"Chloride, Random Urine",300
"Chloride, Serum",250
"Chlostridium Difficile, Toxin A & B, Stool",2750
Cholesterol,250
"Cholesterol Total, Serum",250
Cholinesterase,0.00
Chromogranin A,9000
Chromosomal Analysis Report,3500
Chromosomal Study - Blood,4000
Chromosomal Study - Tissue,0.00
CK-MB ( Creatine Kinase-MB ),660
Clot Retraction Test,100
Clotting Time; Ct,100
Cmv (Cytomegalo Virus) - Igg,400
Cmv (Cytomegalo Virus) - Igm,400
Colonic Biopsy,0.00
COLOR DUPLEX DOPPLER OF VENOUS SYSTEM OF SINGLE LEG,0.00
Complement C3,660
Complement C4,660
Complement Panel (Includes C3&C4),1320
Complete Blood Count Cbc,300
"Coombs Test- Direct , Direct Antiglobulin Test (Dat)",
"Coombs Test- Indirect, Indirect Antiglobulin Test (Iat)",
Coombs Test-Direct,500
Coombs Test-Indirect,500
Cortisol,800
"Cortisol Free, 24 Hours Urine",975
"Cortisol, Serum (Evening Sample)",800
"Cortisol, Serum (Morning & Evening Sample)",1500
"Cortisol, Serum (Morning Sample)",800
Covid-19 IgG & IgM Duo,1500
"COVID-19 Screening (Nucleic Acid Amplification, Qualitative)",1500
"C-Peptide, Serum (Fasting Sample)",800
"C-Peptide, Serum (Post-Prandial Sample)",800
CPK ( Creatinine Phospho Kinase ),600
"Cpk, Mb Fraction (Mass)",500
Cpk-Mb,600
Creatinine,150
Creatinine Clearance ( 24 Hrs Urine ),600
Creatinine Clearance Test,600
"Creatinine, 24 Hrs Urine",590
"Creatinine, Random Urine",550
"Creatinine, Serum",150.00
CRP (C-Reactive Protein ),400
Cryptococcal Antigen,0.00
"Cryptococcus Antigen, Rapid",0.00
Culture & Sensitivity,0.00
Culture & Sensitivity - Pus,500
Culture & Sensitivity - Pus (No - Growth),500
Culture And Sensitivity- Semen,500
CULTURE AND SENSITIVITY VITEK,0.00
Culture Icu,0.00
Culture Ot,0.00
Culture Sensitivity- Sputum,500
Culture Sensitivity-(No Growth),0.00
Culture Sensitivity-Blood,1100
Culture Sensitivity-Body Fluid,0.00
Culture Sensitivity-Body Fluid (No Growth),0.00
Culture Sensitivity-Semen (No-Growth),0.00
Culture Sensitivity-Stool,420
Culture Sensitivity-Stool (No-Growth),0.00
Culture Sensitivity-Urine,350
Culture Sensitivity-Urine (No-Growth),0.00
Cystatin C,1600
"Cytological Examination, Body Fluid",0.00
"Cytology (Pap Smear) Conventional, Genital -Female",0.00
"Cytology (Pap Smear) Liquid Based, Genital -Female",0.00
"Cytology Examination, Body Fluids",0.00
"Cytology, Fine Needle Aspiration(Fnac)",0.00
Cytomegalovirus(Cmv) Antibodies Panel Igg & Igm,0.00
D - Dimer,1500
D-Dimer Quantitative,1500
Debridement Tissue,0.00
"Dengue Antibody, Igg",800
"Dengue Antibody, Igm",800
"Dengue Antibody, Ns1",800
"Dengue Antibody, Ns1(Rapid)",
"Dengue Fever Profile-3 , Rapid (Includes Ns1, Igg, Igm)",2200
Dengue Igg & Igm Antibody And Ns1 ,2200
Dengue Igg Antibody (Card Test),
Dengue Ns1 Antigen (Card Test),0.00
"Dengue Profile-1 (Includes Ns1, Igg, Igm)",2200.00
Dhea - Sulphate ( Dhea-S ),1200
"Dhea, Dehydroepiandrosterone",0.00
"Dheas, Dehydroepiandrosterone Sulphate",1200
DHT ( Di Hydro Testosterone ),2000
Digoxin Level,800
Digoxin(Lanoxin),800
Direct Renin,0.00
"Dlc(Differential Leucocyte Count), Automated",200
"Double Marker (USG REPORT, WEIGHT,LMP,DOB)",2500
Double Marker Graph,0.00
"Double Marker Test (USG REPORT, WEIGHT, LMP, DOB)",2500
Drug Abuse Panel-6,0.00
Drug Of Abuse- 5 Drugs,4000
Drug Of Abuse Panel -1,0.00
E.Histolytica Antigen Detection,0.00
E.Histolytica Wet Mount Liver Abscess For Amoebic Trophozoites,0.00
"E2 - Estradiol , Serum",1200
Ear Lesion,0.00
Echinococcus Antibody Igg (Hydatid Serology),0.00
Egfr,400
Egrf,400
Electrolytes,400
"Electrolytes, Random Urine",400
"Electrolytes, Serum",400
Elisa - Dengue Combicheck,0.00
Elisa Dengue Igm & Igg Antibodies,1600
Elisa- Dengue Igm Antibody,800
Endometrium Tb Pcr,0.00
Endometrium With Cervix,0.00
Entamoeba Histolytica Antibody (Igg)-Amoebiasis,0.00
"Epo, Erythropoeitin",0.00
Epstein Barr Viral Capsid Antigen - Igg,0.00
Epstein Barr Viral Capsid Antigen - Igm,0.00
Epstein Barr Virus (Nuclear Antigen) - Igg Antibodies,0.00
Epstein Barr Virus (Vca) - Igg Antibodies,0.00
Epstein Barr Virus (Vca) - Igm Antibodies,0.00
Epstein Barr Virus (Vcm+Vcg+Nuclear Ag) - Antibodies,0.00
Er Pr,5000
Er Pr Her2,0.00
Erythropoietin,2500
Esophageal Biopsy,0.00
Esr (Erythrocyte Sedimentation Rate),100
Estradiol ( E2 ),1200
Estradiol ( E3 ),1000
Factor V Leiden -Mutation Detection - Pcr,5000
Factor Viii (Anti-Hemophilia A) Activity,2500
Fasting Urine Sugar,150
Ferritin,700
Fibrin Degradation Products,1200
Fibrinogen,800
Fibrinogen Degradation Product ( Fdp ),1200
Fibrinogen Levels,800
Filaria Antibody,800
Filaria Antigen,750
Fine Needle Aspiration Cytology ( Fnac ),800
Fistula In Ano Excision,0.00
"Flow Cytometry, Kappa & Lambda Light Chains 3 **",0.00
Flowcytometry - Cd55 & Cd 59,0.00
Flowcytometry - Cd59,0.00
Fluid Cytology,600
Fluid Examination - Routine,0.00
Fluid Examination Report,0.00
Fluid For Afb Stain,0.00
Fluid For Malignanat Cells,400.00
Fnac Reporting,0.00
Folate (Folic Acid ) Rbc,2090
"Folate (Folic Acid ), Serum",1000
Folic Acid,1045
Follicle Stimulating Hormone ( Fsh ),800
Fragile X (Fmr1) Mutation Screen,0.00
Free B Hcg,1200
"Free Light Chain Assay (Kappa & Lambda), Serum(With Kappa Lambda Ratio)",4800
Free Prostate Specific Antigen (Free Psa ),935
Free T3 ( Tri-Iodothyronine - Free ),0.00
"Free T3, Free Tri-Iodothyronine",0.00
Free T4 (Thyroxine - Free),350.00
"Free T4, Free Thyroxine",0.00
Free Testosteron,1500
Free Thyroid Panel,800
"Free Thyroxine, FT4 ",400
"Free Triiodothyronine l, FT3 ",400
"Fructose, Semen",0.00
Fsh / Lh / Prl,2400
"Fsh, Follicle Stimulating Hormone",800
Fsh-Lh-Prl,2400
Fsh-Lh-Testosterone,2400
FT4,400
Fungal Culture & Sensitivity,0.00
Fungal Stain,0.00
Fungus Culture,0.00
Fungus Routine (Koh Mount),0.00
G6Pd (Glucose 6 Phosphate Dehydrogenase) Qualitative,800
G6Pd (Glucose 6 Phosphate Dehydrogenase) Quantitative,800
G6Pd Qualitative,800
Gad Antibody,0.00
Gamma Glutamyl Transferase (GGT),400
Gastric Or Duodenal Biopsy,0.00
Gene Expert Plus,1700
Gene Expert Plus Mtb/Rif,0.00
Gfr (Glomerular Filtration Rate),0.00
GGT (Gamma-glutamyl transferase),400
Gilbert'S Syndrome Gene Sequencing (Ugt1A1 Gene Polymorphism),0.00
Globulin,250
Glucose Challenge Test (Pg 1 Hr After 75 Gms Of Glucose),0.00
"Glucose Challenge Test(Gct), Pregnancy 75Gm Glucose",0.00
Glucose Challenge Test(Gct); Glucose 1Hr Obstetrical,0.00
Glucose FBS & PPBS,140.00
"Glucose Tolerance Test ( Gtt) Extended, With Insulin",300
"Glucose Tolerance Test(Gtt), Pregnancy 100Gm Glucose",0.00
"Glucose Tolerance Test(Gtt), Pregnancy 75Gm Glucose",0.00
"Glucose Tolerance Test,Oral (Ogtt)",385.00
"Glucose, Fasting (FBS)",70.00
"Glucose, Post Prandial (PP)",70.00
"Glucose, Random (Rbs)",70.00
"Glucose, Urine",100
Glycosylated Haemoglobin ( Ghb / Hba1C ),550
Gram Stain,250
Gram Stain Report,0.00
Graph,0.00
Growth Hormone ( Gh ),1500
"Growth Hormone,Hgh",660
Growth Positive,0.00
H.Pylori Antibodies Lga,0.00
H.Pylori Antibodies Lga And Igm,0.00
H.Pylori Antibodies Lgm,0.00
H.Pylori Antigen,0.00
Haemoglobin,80
Hanging Drop Preparation,300
Hanging Drop Preparation -Vibrio Cholerae,0.00
"Hb, Tlc, Dlc",150
"HB,WBC,TC,DC,ESR",200
HbA1c,550
"Hba1C, Glycosylated Hemoglobin",550
Hb-H,0.00
"Hcg Beta Total(Beta-Hcg), Maternal",0.00
"Hcg Beta Total(Beta-Hcg), Tumor Marker",0.00
Hdl Cholesterol,200
"Hdl Cholesterol, Direct",200.00
"He4, Human Epididymis Protein 4, Roma Index",0.00
Heinz Body Preparation,0.00
"Helicobacter Pylori (H. Pylori) Antibody, Igg",2500
"Helicobacter Pylori (H. Pylori)Antibodies Panel, Igg &Iga",0.00
"Helicobacter Pylori (H. Pylori)Antibody, Iga",2500
Helicobacter Pylori (H.Pylori) Antibody Igm,2440
"Helicobacter Pylori(H.Pylori) Antigen , Stool",0.00
Hematocrit ( Pcv ),100
Hemia Sac With Its Content,0.00
Hemicolectomy,0.00
Hemoglobin Electrophoresis,1000
"Hemoglobin,Hb",80
Hemorrhoidectomy,0.00
"Hemosiderin, Urine",0.00
"Hepatitis A Antibody (Anti Hav), Igg",800
"Hepatitis A Antibody (Anti Hav), Igm",800
Hepatitis A Virus - Igg ( Hav - Igg ),800
Hepatitis A Virus - Igm ( Hav - Igm ),800
Hepatitis A Virus (Hav) Panel - Hav Igm & Hav Igg,1600
"Hepatitis B Core Antibody (Anti-Hbc), Total",0.00
"Hepatitis B Core Anttibody (Anti-Hbc), Igm (Anti Hbc Ag-Igm)",0.00
Hepatitis B Surface Antibody (Anti Hbs),0.00
Hepatitis B Surface Antibody Total,0.00
Hepatitis B Surface Antigen (Hbsag) ,400
"Hepatitis B Surface Antigen (Hbsag),Elisa",500
"Hepatitis B Surface Antigen, Clia",400.00
Hepatitis B Viral Load -Quantitative Pcr,0.00
Hepatitis B Virus (Hbv) Qualitative Pcr,0.00
Hepatitis B Virus (Hbv) Quantitative Pcr,0.00
Hepatitis B Virus Core Antibody ( Hbcab ) Total,0.00
Hepatitis B Virus Envelope Antibody ( Hbeab ),0.00
Hepatitis B Virus Envelope Antigen ( Hbeag ),0.00
Hepatitis Be Antibody(Anti Hbe Ag),0.00
Hepatitis Be Antigen(Hbeag),800
"Hepatitis Be Panel (Includes Anti-Hbe, Hbeag)",0.00
Hepatitis C Total Antibody (Anti Hcv),600
"Hepatitis C Total Antibody (Anti Hcv), Elisa",935.00
"Hepatitis C Total Antibody (Anti Hcv), Rapid Card",0.00
Hepatitis C Viral Rna (Hcv Rna) Quantitative,0.00
Hepatitis C Virus ( Hcv ),600
Hepatitis C Virus (Hcv) Rna Viral Load,0.00
Hepatitis C Virus Genotyping,0.00
Hepatitis E Antibody (Anti Hev) Igm Elisa,0.00
"Hepatitis E Antibody (Anti Hev), Igg",0.00
"Hepatitis E Antibody (Anti Hev), Igm",0.00
Hepatitis E Virus - Igg ( Hev - Igg),1210
Hepatitis E Virus - Igm ( Hev Igm ),1210
"Herpes Simplex Virus (Hsv) 1 Antibodies Panel Igg & Igm Antibody, Serum",0.00
"Herpes Simplex Virus (Hsv) 1 Igg Antibody, Serum",0.00
"Herpes Simplex Virus (Hsv) 1 Igm Antibody, Serum",0.00
"Herpes Simplex Virus (Hsv) 1+2 Igm, Serum",0.00
"Herpes Simplex Virus (Hsv) 2 Igg Antibody , Serum",0.00
"Herpes Simplex Virus (Hsv) 2 Igm Antibody , Serum",0.00
"Herpes Simplex Virus (Hsv)2 Antibodies Panel Igg & Igm, Serum",0.00
Herpes Simplex Virus [ Hsv ] Igg & Igm,700
Herpes Simplex Virus 1 & 2 Igm [ Hsv ],0.00
Herpes Simplex Virus Type 1 & 2 Qualitative Pcr,0.00
Histopathology Report,0.00
Histopathology Report (Appendicectomy),0.00
Histopathology Report (Bone Tumor Curretage),0.00
Histopathology Report (Cholecystectomy),0.00
Histopathology Report (Endometrium Biopsy),0.00
Histopathology Report (Hemithyroidectomy),0.00
Histopathology Report (Ovarian Cyst Excision),0.00
Histopathology Report (Simple Hysterectomy),0.00
Histopathology Report (Total Abdominal Hysterectomy),0.00
Histopathology Report (Wide Local Excision Of Tumor),0.00
"Histopathology Specimen, Large Specimen",0.00
"Histopathology Specimen, Medium Specimen",0.00
"Histopathology Specimen, Small Specimen",0.00
"Hiv 1 & 2 Antibodies, Western Blot",0.00
Hiv 1 & 2 Antibody,700
"Hiv 1& 2 Antibodies, Screening Test",0.00
Hiv Ag/Ab Combo_Architech,0.00
Hiv By Elisa Method,0.00
Hiv ELISA,700.00
Hiv P24 Antigen,0.00
Hiv Proviral Dna Pcr - Qualitative,0.00
Hiv Rna Qualitative Pcr,0.00
Hiv Spot,0.00
Hiv Western Blot Assay(Hiv 1 & 2),0.00
Hla - B 27 By Pcr Method,2500
Hla A - B - Dr (Low Resolution),0.00
HLA B27 (Human Leucocyte Antigen B27),2500
Hla B27 Studies Flowcytometry,2500
Hla B-5 (51/52),0.00
"Homa-Ir, Insulin /C-Peptide Resistance Index",4500
Homocysteine,1400
HPLC,400
Hpv Digene Hybrid Dna Detection,0.00
Hs Crp (High Sensitive C Reactive Protein),750.00
Hs Crp; High Sensitivity Crp,0.00
Hydrocele Sac,0.00
Hystectomy For Ovariyan Tumor With Node,0.00
Iga - Immunoglobulin A,800
Ige Level,600
Igf 1,2500
Igf-1(Stomatomedin C),2500
Igg - Immunoglobulin G,1200
Igm - Immunoglobulin M (Igm),1200
Ihc On Tissue Block,0.00
"Immunoglobulin Iga(Iga Total Antibody), Serum",800
"Immunoglobulin Ige(Ige Total Antibody), Serum",0.00
"Immunoglobulin Igg(Igg Total Antibody), Serum",1200
"Immunoglobulin M (Igm Total Antibody), Serum",0.00
Immunoglubulin Igg Level,1200
Immunohistochemistry Er/Pr,0.00
Immunohistochemistry Er/Pr/Her 2,0.00
Immunohistochemistry Per Marker,0.00
Incisional Biopsy Of Lump,0.00
"India Ink Preparation, Csf",0.00
Influenza B Virus Igm Antibody,0.00
"Inhibin A, Pregnancy",0.00
"Inhibin A, Reproductive Marker",0.00
Inhibin B,2565
Insulin Fasting,900
Insulin Level,900
Insulin Level ( Fasting),900
Insulin Level ( Post Prandial/Post Glucose),800
"Insulin, Post Prandial",800
"Insulin, Random",800
Intact Pth (Parathyroid Hormone),1500
Interferon Gamma release assay,0.00
Interferon Gamma Release Assay (Igra); Tb Platinum,0.00
Intestinal Resection,0.00
Ionic Calcium,740
"Iron Studies (Iron,TIBC, Transferrin saturation) ",660
Iron Studies Monitoring Panel,0.00
Iron Tibc,400
Islet Cell Antibody 2,2772
J Needle Biopsy,0.00
Jak 2 (V617F) Mutation Analysis -Pcr,4100
Jak2 (V617F) Mutation Analysis - Pcr,0.00
Jo-1 Antibody,0.00
"Kappa & Lambda Freelite Chain Assay, Serum",5800
"Kappa Freelite Chain, Serum",0.00
Karyotyping,4400
Ki 67,0.00
Kidney Function Panel,1200
Lactate Dehydrogenase ( Ldh ),400
"Lactate, Plasma",0.00
"Lambda Freelite Chain, Serum",2990
Laryngeal Biopsy,800
Laryngectomy,1700
Ldh (Lactate Dehydrogenase),400
Ldl Cholesterol,300
"Ldl Cholesterol, Direct",300.00
Le Cell Detection,600
Le Cells,600
"Lead, Blood",1870
"Leishmania (Kala-Azar)Antibody, Igg",1000
Leptospira Antibodies Panel (Igg & Igm),0.00
"Leptospira Antibody , Igg",1200
Leptospira Antibody Igg,1200
Leptospira Antibody Igg & Igm,2200.00
Leptospira Antibody Igm,1200
"Leptospira Antibody, Igm",1200
Leptospira Detection By Dark Field Microscopy,0.00
Lh & Testosterone Total,
Lipase,500
Lipid Profile,600
Lipoprotein- A (Lp -A),1045
Lithium,400
Lithium Level,400
Liver Function Test ( Lft ),600
Lobectomy,0.00
"Lp (A),Lipoprotein (A)",1045
Lumpectomy,0.00
Lupus Anticoagulant ,2600
Lupus Anticoagulant Screen-Drvvt,565
"Luteinising Hormone, Lh",500
Luteinizing Hormone ( Lh ),500
Lymph Node Biopsy,1500
"Magnesium, 24Hrs Urine",0.00
"Magnesium, Serum",300
Malaria dual antigen,600
Malaria Parasite Detection In Smear,150
Malarial Parasite,150
Mandibulectomy With Mnd,0.00
Mantoux Test; Tuberculin Skin Test,500
"Maternal Screen-1St Trimester, Dual Marker",0.00
"Maternal Screen-2Nd Trimester, Quadruple Marker",0.00
"Maternal Screen-2Nd Trimester, Triple Marker",0.00
"Mean Corpuscular Hemoglobin Concentration, Mchc",100
"Mean Corpuscular Hemoglobin, Mch",100
"Mean Corpuscular Volume, Mcv",100
"Mean Platelet Volume, Mpv",0.00
"Measles (Rubeola) Antibodies Panel, Igg & Igm",0.00
Measles (Rubeola) Igg Quantitative,0.00
Measles Igm Antibody,0.00
Metanephrine -Free Plasma,0.00
"Metanephrine, 24 Hours Urine",0.00
"Metanephrines -24 Hrs Urine (Includes Metanephrine, Normetanephrine)",0.00
"Methamphetamine Screen, Urine",0.00
Microalbumin /Creatinine Ratio- Urine,800
"Microalbumin Creatinine Ratio, Urine",800
MICROALBUMIN RANDOM URINE MAU,0.00
"Microalbumin, Urine 24Hrs",600
Microalbuminuria,0.00
Microfilaria Detection,1210
Microfilaria Detection By Pbs,400
Modified Glucose Tolerance Test,0.00
Modified Radical Mastectomy,0.00
Molecular Karyotyping,0.00
Molecular Karyotyping Graph,0.00
Mono Test,0.00
More Than 5 Blocks,0.00
Mthfr Gene Mutation,0.00
Mumps Igg Quantitative (Elisa),1900
"Mumps Virus Antibodies Panel, Igg & Igm",0.00
Musk Antibody (Muscle Specific Kinase),6900
Mycobacterium Combined Panel: Mycobacterium Tuberculosis Dna Pcr,0.00
Nasal Or Paranasal Sinus Mass,0.00
Nasal Plypectomy,0.00
Needle Biopsies Of Prostate,0.00
Nephrectomy Nonfunctioning Kidney,0.00
"Nicotine Metabolite, Serum",0.00
No Growth,0.00
Nodulectomy,0.00
Nor Metanephrine-24 Hrs Urine,0.00
Nor Metanephrine-Free Plasma,0.00
Nt-Pro Bnp 2(N-Terminal Pro B Type Natriuretic Peptide),0.00
Nt-Probnp,3500
"Occult Blood, Stool",200
OGTT,210
"Opiates Screen, Urine",0.00
"Osmolality, Serum",600
"Osmolality, Urine",400
Osmotic Fragility,1300
Osmotic Fragility Test; Rbc Fragility Test,0.00
"Ova & Parasite Detection, Concentration Method, Stool",0.00
Oxalate -24 Hrs Urine,1200
"Packed Cell Volume , Pch; Hematocrit",0.00
"P-Anca/Anca-Mpo (Anti Myeloperoxidase Antibodies), Eia",0.00
Pap Smear (Cervical & Vaginal Cytology),600
Pap Smear-Conventional Method,600
Pappa - A,1300
Pappa-Pregnancy Associated Plasma Protein-A,0.00
"Parathyroid Hormone (Pth), Intact",1200
Parotidectomy,0.00
Parotidectomy With Neke Dissection,0.00
Partial Esophagectomy,0.00
Partial Or Total Gastectomy,0.00
Partial Or Total Penectomy,0.00
Parvo Virus B19 Dna Pcr,0.00
Pas Staining,0.00
Pateletcrit,0.00
Pathology Blank,0.00
Paul Bunnel Test,0.00
Pcr Tuberculosis ( Tb - Dna Pcr ),0.00
Penectomy With Node Dissection,0.00
Peripheral Blood Smear Examination,100
PFT,0.00
Ph Stool,80
Ph Urine,80
Phencyclidine Phosphate (Qualitative),0.00
"Phenytoin Level (Eptoin, Dilantin)",1200
Phenytoin/Eptoin/Dilantin,0.00
Phospholipid Antibody Profile,0.00
Phospholipid Antibody Profile-Igg & Igm,1600
"Phosphorous -Inorganic, Serum",0.00
Phosphorus,300
Platelet Count,100
Platelet Distribution Width; Pdw,0.00
Platelet/Thrombocyte Count,100
Plateletcrit,0.00
Pleural Fluid Examination,0.00
Post Prandial ( Pp ) Urine Sugar,0.00
Potassium,200
"Potassium, Random Urine",200
"Potassium, Serum",200
"Pregnancy Test, Urine",150
Procalcitonin,2500
Progesterone,900
"Progesterone(P4), Serum",900
Prolactin ( Prl ),400
Prostate Specific Antigen ( Psa ),700
Protein C,
"Protein Creatinine Ratio, 24 Hrs Urine",0.00
Protein Electrophoresis,660
"Protein Electrophoresis, Serum",660
Protein S,4000
Protein S & Protein C,0.00
Protein Total;Serum,150
"Protein, 24Hrs Urine",0.00
"Protein, Random Urine",0.00
"Protein/ Creatinine Ratio, Random Urine",0.00
"Protein-Creatinine Ratio, Urine",0.00
Proteins ( Serum ),200
Prothrombin Gene Mutation,0.00
Prothrombin Time ( Pt ),300
"Prothrombin Time Studies, Pt/Inr",300
Psa Profile,1760.00
Psa(Prostate Specific Antigen),600
Punch Biopsy,800
QUADRAPLE MARKER TEST,0.00
Quadruple Test,3500
Quantitative Hepatitis B Surface Antigen (Hbsag),0.00
Ra Factor ( Rheumatoid Arthritis Factor ),400
Radical Cystectomy With Prostectomy,0.00
Radical Nephrectomy,0.00
Radical Prostatectomy With Cystectomy,0.00
Rapid Malaria Test,0.00
Rectal Biopsy,100
"Red Blood Cells Count, Rbc Count",150
Red Cell Distribution Width (Rdw),100
Red Cell Indices,200
"Reducing Substance , Paediatric Urine",0.00
"Reducing Substance , Stool",200
Reducing Sugar,0.00
Renal Biopsy,0.00
Renal Function Test (Max),0.00
Renal Function Test (Mini),0.00
Report Of Cardiac Markers ( Troponin T ),0.00
Reticulocyte Count,200
RFT/KFT,1500
Rh Antibody - Titres,0.00
Rheumatoid Factor; Ra Factor,400
RIGHT HEMICOLECTOMY,0.00
Rnp/Sm Antibody,0.00
"Roma, Risk Of Ovarian Malignancy Algorithim",0.00
Rota Virus Antigen Detection (Stool),0.00
"Rota Virus Antigen, Stool",0.00
Routine Examination Of Stool,150
Routine Examination Of Urine,150
Rqpcr-Bcrabl,0.00
"Rubella (German Measles)Antibodies Panel, Igg & Igm",0.00
"Rubella (German Measles)Antibody, Igg",600
"Rubella (German Measles)Antibody, Igm",600
Rubella Igg Quantitative,0.00
Rubella Virus Antibody - Igg,600
Rubella Virus Antibody - Igm,600
S. Gamma Glutamyl Transferase ( Ggtp ),0.00
Salmonella Typhi & Salmonella Paratyphi A Antigen Detection,0.00
Salmonella Typhi Igm/Igg (Card Test),800
Scl-70 (Scleroderma )Antibody,0.00
Scrub Typhus Igm,900
Semen Analysis,400
Semen Analysis Report,400
"Semen Analysis, Seminogram",0.00
"Semen Fructose, Qualitative",0.00
Semen Wash Analysis,400
Serum Acetone,0.00
Serum Ascites Albumin Gradient (Saag),400
Serum Copper,0.00
Serum Free Metanephrin,0.00
Serum IgE,750
Serum Iron,300
Serum Osmolality,600
Serum Phosphorus,300
SERUM UREA & CREATININE,300.00
Serum Zinc,500
Sex Hormone Binding Globulin,1600
Sgot,150.00
Sgot/Ast,150.00
SGPT,150.00
Sgpt/Alt,150.00
"Shbg, Sex Hormone Binding Globulin",660.00
Sickling Test,350
Skin Tag /Moles/Nevus Excision,0.00
Slide Review (1 Block/1 Slide),0.00
Slit Skin Smear,0.00
Smear For Fungal Elements,0.00
Sodium ( Na+) Potasium (K+),400
"Sodium , Serum",200.00
"Sodium, 24 Hrs Urine",0.00
"Sodium, Urine",200
"Specific Gravity, Urine",150
Sperm Antibody - Total Asab (Anti Sperm Antibody),1540
Sputum AFB,150
Sputum Analysis,150
Sputum for AFB,150
Sputum For Afb,150
Sputum For Zn Stain,150
Sr Bicarbonate Level,440
Sr Gastrin Level,1400
Ssa Antibody/Ro Antibody,0.00
Ssb Antibody/La Antibody,0.00
Stained Cytology Slides For Opinion,0.00
Stone Analysis,1500
Stool For Fat Globules,0.00
Stool For Occult Blood,200
Subtotal Thyroidectomy,0.00
Synovial Fluid Examination,0.00
Synovial Piopsy,0.00
T3 ( Tri-Iodothyronine ),250
"T3 Total, Total Tri-Iodothyronine",0.00
T4,250
T4 ( Thyroxine),200.00
"T4 Total, Total Thyroxine",600.00
Tacrolimus,5000
Tb Drug Sensitivity- 1St Line Drug,0.00
Tb Drug Sensitivity- 2Nd Line Drugs,0.00
TB Gold,2400.00
Tb Platinum (Tb Gamma Interferon - Quantiferon),0.00
Tb Rt Pcr On Tissue Block,0.00
Tc/Hdl Ratio,0.00
Testicular Biopsies,0.00
Testicular Tumor Orchiectomy,0.00
Testosteron (Total),800
Testosterone,800
Thrombin Time; Tt,400
Thyroglobulin,2000
Thyroglobulin (Tg),2000
"Thyroglobulin Antibody , Ata/Anti Tg",2000
Thyroglobulin Level,1800
Thyroid Function Test ( Tft ),750
"Thyroid Profile ( T3, T4, Tsh )",750
"Thyroid Profile -4 ( Ft3, Ft4, Tsh )",650.00
Tibc (Total Iron Binding Capacity (Tibc)),300
"Tibc, Total Iron Binding Capacity",300
Tissue Transglutaminase - Iga ( Ttga ),0.00
"Tlc, Dlc",150
"Torch -8 Igg/Igm Antibodies To Toxoplasma, Cmv, Rubella, Hsv - 1&2 Combi Serum",0.00
Torch I,0.00
Torch Igm,1430
Torch Ii [ 10 Para ],2500
Torch Panel Igg & Igm,1500
Torch Panel Igg -4,0.00
Torch Panel Igg-5,0.00
Torch Panel Igm -4,0.00
Torch Panel Igm -5,0.00
Total Cholesterol,200
Total Esophagectomy With Partial Gastrectomy,0.00
Total Thyroidectomy With Neck Dissection,0.00
Toxoplasma - Igg & Igm,800
"Toxoplasma Antibody, Igg",400
"Toxoplasma Antibody, Igm",400
Toxoplasma Igg- Csf,0.00
Tpha (Treponema Pallidium Haemagglutination Assay),700
Transferrin,1400
"Triglycerides, Serum",300
Triple Marker Graph,0.00
Triple Marker Test,2500
Troponin I,1200
"Troponin I, High Sensitive",
Troponin T ,1000
Trucut Biopsy,0.00
Trucut Biopsy Of Lump,0.00
Trucut Biopsy Of Lung,0.00
Tsh (Thyroid Stimulating Hormone),300
"Ttg:Tissue Transglutaminase Antibody, Iga",1500
"Ttg:Tissue Transglutaminase Antibody, Igg",0.00
Tuberculin Test ( Tt ) (Montoux Test),0.00
Turbt,0.00
Turp Depends On Volume And No Of Blocks,0.00
Typhidot  Igg,400.00
Typhidot  Igm ,400.00
"Ue3 (Free), Unconjugated Estriol",0.00
Uibc,0.00
Unconjugated Estradiol ( E3 ),1100
Unstable Hb,0.00
Up To 5 Blocks,0.00
UPPER ABDOMEN (Cirrhosis),0.00
"Urea Nitrogen, Random Urine",0.00
"Urea Nitrogen, Urine 24Hrs",0.00
"Urea, Serum",150
"Urea, Urine 24 Hrs",0.00
Ureteroplasty,0.00
URIC ACID,200
Urinary (Spot) Creatinine,200
Urine 24 Hr Copper,0.00
URINE ACR,900.00
Urine Albumin,100
URINE C/S,150
Urine Culture,350
Urine Fat Globules,0.00
Urine For Bence Jones Proteins,200
Urine For Haemoglobinuria,0.00
URINE FOR KETONE,200
Urine For Ketone Bodies (Acetone),200
Urine For Microalbumin,600
Urine For Occult Blood,150
URINE FOR PROTEIN (24 HRS),450
Urine For Sugar,100
Urine Osmolality,0.00
Urine Porphobilinogen (Qualitative),0.00
Urine Porphobilinogen (Quantitative),0.00
Urine Potassium,200
Urine Pregnancy Test,150
Urine Protein,100
URINE RE/ME,150
Urine Routine Examination Report,150
Urine Spot Sodium,200
Urobilinogen,0.00
V4 Test,0.00
Vaccination Immune Status Panel,0.00
Valproic Acid Level,1000
"Valproic Acid, Sodium Valproate",770.00
Varicella Zoster Pcr Detection,0.00
Varicella Zoster Virus Igg (Chicken Pox; Herpes Zoster; Shingles),800
Vdrl,200
Vdrl Serum,200
Vit D Plus (Vitamin D Total-25 Hydroxy + Pth),0.00
Vitamin B12,1200
"Vitamin B12, Cynacobalamin",0.00
"VITAMIN B12, SERUM",1200
Vitamin B6,4400
Vitamin C,4400
"Vitamin D (1, 25 Dihydroxycholecalciferol)",2000
"Vitamin D Total 1, 25 Dihydroxy",2400
Vitamin D Total-25 Hydroxy,2400
Vitamin D3 ( 25 Oh Vitamin D Total ),2000
Vitamin E (Tocopherol),4400
Vldl Cholesterol,150
"Vma(Vanilmandelic Acid) , 24 Hrs Urine",3000
Wbc Count,100
Wbc:Total & Differential Leucocyte Counts; Blood,120
Weil Felix Test,0.00
Wertheims Hystectomy With B/L Pelvic Dissection,0.00
Whipples Resection,0.00
Widal Test new,200
Wide Local Excision Of Lesion With Mnd,0.00
Wide Local Excision Of Lesion With Sohd,0.00
Wide Local Excision Of Mass,0.00
Y Chromosome Microdeletion Analysis,0.00